{"pool_name": "QE", "initial_energy": -1.1166512474115222, "fci_energy": -1.1372633383635353, "data_list": [{"energies_statevector": [-1.1166512474115222], "energies_uniform": [-1.115544543275996], "energies_vmsa": [-1.1146574242222216], "energies_vpsr": [-1.1190075709532477], "std_uniform": [0.0015493857897365126], "std_vmsa": [0.0013020185689850416], "std_vpsr": [0.0011714753109769438], "shots_uniform": [[1024, 1024, 1024, 1024, 1024]], "shots_vmsa": [[1163, 1147, 1147, 1163, 1]], "shots_vpsr": [[924, 926, 924, 922, 1]]}, {"energies_statevector": [-1.1166512474115213, -1.116651243785073, -0.16669246730467863, -0.16669248313035723, -1.1367682481117052, -1.136768247546139, -1.1372632894962993, -1.1372632895019195, -1.1372633383635302, -1.1372633383635282], "energies_uniform": [-1.1158544204339433, -1.1168283200732063, -0.15886526817353386, -0.18675087587163966, -1.1363285990356982, -1.139632489921257, -1.1367050305362996, -1.1364157712970093, -1.1325880911521424, -1.1337759028927663], "energies_vmsa": [-1.1190809445797314, -1.1173363567059964, -0.16388465593937707, -0.15221793400370537, -1.1374856860859448, -1.1383529266571148, -1.1380004136868136, -1.1402783245705654, -1.1360899947791732, -1.1371206800083171], "energies_vpsr": [-1.1184129471760933, -1.1184747769463164, -0.149207689818035, -0.1878782062663378, -1.1499673053742723, -1.1497317233817952, -1.1406843786660903, -1.144917159014479, -1.127797335369317, -1.1354956873172724], "std_uniform": [0.002124871940210049, 0.0016821902859995852, 0.00320792582897228, 0.03357255079065655, 0.006311093806082968, 0.0009620745158810395, 0.003517802986919616, 0.00443560933737952, 0.004656950164484752, 0.005579152912582486], "std_vmsa": [0.0010608673874756835, 0.0006739213934761068, 0.005701280002439246, 0.0035824882045451534, 5.493558604874327e-05, 0.00449642947788953, 0.0011164303910379259, 0.0008777449075543231, 0.010874538014524093, 0.0029887066139636653], "std_vpsr": [0.000781659543523161, 0.0013265103422182012, 0.018243589830123474, 0.009810116890550863, 0.001769371837662348, 0.0019031795115549421, 0.005601423058981703, 0.005333487789566549, 0.004070895338291414, 0.0016049991763367188], "shots_uniform": [[1024, 1024, 1024, 1024, 1024], [1024, 1024, 1024, 1024, 1024], [1024, 1024, 1024, 1024, 1024], [1024, 1024, 1024, 1024, 1024], [1024, 1024, 1024, 1024, 1024], [1024, 1024, 1024, 1024, 1024], [1024, 1024, 1024, 1024, 1024], [1024, 1024, 1024, 1024, 1024], [1024, 1024, 1024, 1024, 1024], [1024, 1024, 1024, 1024, 1024]], "shots_vmsa": [[1156, 1157, 1153, 1155, 1], [1142, 1160, 1158, 1160, 1], [129, 106, 54, 147, 4184], [116, 116, 104, 53, 4231], [617, 615, 619, 610, 2160], [608, 613, 611, 625, 2163], [616, 618, 620, 595, 2171], [625, 620, 599, 603, 2172], [578, 618, 616, 627, 2181], [456, 469, 450, 447, 2798]], "shots_vpsr": [[925, 919, 928, 924, 1], [927, 918, 918, 933, 1], [33, 24, 28, 33, 1027], [22, 22, 22, 22, 1004], [930, 932, 935, 898, 1], [929, 904, 934, 929, 1], [428, 419, 417, 412, 1491], [292, 291, 290, 295, 1437], [281, 286, 291, 285, 1433], [421, 417, 424, 402, 1491]]}]}