{"pool_name": "QE", "initial_energy": -1.1166512474115222, "fci_energy": -1.1372633383635353, "data_list": [{"energies_statevector": [-1.1166512474115222], "energies_uniform": [-1.1178464878778904], "energies_vmsa": [-1.120489591425779], "energies_vpsr": [-1.1155726906988523], "std_uniform": [0.00022134082710523195], "std_vmsa": [0.0010643272757442368], "std_vpsr": [0.0008348006985130496], "shots_uniform": [[1024, 1024, 1024, 1024, 1024]], "shots_vmsa": [[1163, 1166, 1137, 1154, 1]], "shots_vpsr": [[924, 923, 925, 923, 1]]}, {"energies_statevector": [-1.1166512474115213, -1.116651243785073, -0.16669246730467863, -0.16669248313035723, -1.1367682481117052, -1.136768247546139, -1.1372632894962993, -1.1372632895019195, -1.1372633383635302, -1.1372633383635282], "energies_uniform": [-1.115633079606838, -1.1167840519077854, -0.16007673016092155, -0.14272088117681067, -1.1345048114581604, -1.1428846839156503, -1.1284343123283087, -1.1360410080549839, -1.121829562885298, -1.1393256450914162], "energies_vmsa": [-1.1172448209569494, -1.1160912774534975, -0.16720412425534625, -0.17762894554738506, -1.1388235034035579, -1.132477141990527, -1.1561882382825237, -1.137990994672871, -1.1354196105439924, -1.1586248074561758], "energies_vpsr": [-1.1143380515292156, -1.1126137768897846, -0.174479888966492, -0.20022516543653401, -1.1530125623011827, -1.1354631024847635, -1.1405389708418163, -1.1403880747112625, -1.1574260945908261, -1.1415747102526188], "std_uniform": [0.0003098771579472803, 0.0007525588121577442, 0.0013442664836508245, 0.007583045479911316, 0.0037553653350442806, 0.0036506074831827995, 0.004133160905176458, 0.0008735381850388801, 0.007526952191108438, 0.0012276835084071847], "std_vmsa": [0.0019634255841153303, 0.003030154181361766, 0.0005895209483722241, 0.0006031288240428423, 0.0008440571484792381, 0.0014410214032324342, 0.0007054577566886211, 0.0012251953427327988, 0.002682689931032156, 0.0013341937152026029], "std_vpsr": [0.0024530861802379844, 0.00028926644416560343, 0.0016243617072213834, 0.026690511258361305, 0.0002401143538801609, 0.0007490075415786945, 0.001986332399753543, 0.010261152069325208, 0.003100426551047031, 0.0034239614470185087], "shots_uniform": [[1024, 1024, 1024, 1024, 1024], [1024, 1024, 1024, 1024, 1024], [1024, 1024, 1024, 1024, 1024], [1024, 1024, 1024, 1024, 1024], [1024, 1024, 1024, 1024, 1024], [1024, 1024, 1024, 1024, 1024], [1024, 1024, 1024, 1024, 1024], [1024, 1024, 1024, 1024, 1024], [1024, 1024, 1024, 1024, 1024], [1024, 1024, 1024, 1024, 1024]], "shots_vmsa": [[1154, 1159, 1152, 1154, 1], [1159, 1161, 1138, 1161, 1], [110, 99, 137, 137, 4136], [92, 128, 92, 106, 4203], [623, 618, 604, 613, 2162], [451, 453, 466, 469, 2781], [1137, 1082, 1199, 1203, 1], [622, 599, 603, 626, 2170], [614, 604, 611, 619, 2174], [1168, 1126, 1163, 1163, 1]], "shots_vpsr": [[925, 919, 926, 925, 1], [931, 929, 931, 904, 1], [21, 24, 21, 29, 1009], [13, 28, 32, 22, 1008], [931, 905, 936, 924, 1], [283, 293, 288, 291, 1435], [417, 409, 419, 417, 1491], [286, 279, 293, 272, 1430], [935, 925, 895, 940, 1], [229, 225, 232, 225, 1383]]}]}