{"pool_name": "QE", "initial_energy": -1.1166512474115222, "fci_energy": -1.1372633383635353, "data_list": [{"energies_statevector": [-1.1166512474115222], "energies_uniform": [], "energies_vmsa": [], "energies_vpsr": [], "std_uniform": [], "std_vmsa": [], "std_vpsr": [], "shots_uniform": [], "shots_vmsa": [], "shots_vpsr": []}, {"energies_statevector": [-1.1166512474115222, -1.1166512437850742, -0.1666924673046792, -0.1666924831303577, -1.1367682478578474, -1.13676824729228, -1.1372632894754566, -1.1372632894810777, -1.1372633383635322, -1.1372633383635307], "energies_uniform": [], "energies_vmsa": [], "energies_vpsr": [], "std_uniform": [], "std_vmsa": [], "std_vpsr": [], "shots_uniform": [], "shots_vmsa": [], "shots_vpsr": []}]}