{"pool_name": "QE", "initial_energy": -1.1166512474115222, "fci_energy": -1.1372633383635353, "data_list": [{"energies_statevector": [-1.1166512474115222], "energies_uniform": [-1.1192188010059427], "energies_vmsa": [-1.1140243632424545], "energies_vpsr": [-1.1135563043492462], "std_uniform": [8.853633084204837e-05], "std_vmsa": [0.003335174815804476], "std_vpsr": [0.0009241989155187591], "shots_uniform": [[1024, 1024, 1024, 1024, 1024]], "shots_vmsa": [[1156, 1156, 1152, 1156, 1]], "shots_vpsr": [[926, 920, 925, 925, 1]]}, {"energies_statevector": [-1.1166512474115213, -1.116651243785073, -0.16669246730467863, -0.16669248313035723, -1.1367682481117052, -1.136768247546139, -1.1372632894962993, -1.1372632895019195, -1.1372633383635302, -1.1372633383635282], "energies_uniform": [-1.1142164983133647, -1.1192188010059425, -0.1628700209800849, -0.19323904233940678, -1.1346051729123843, -1.1383487131240466, -1.129774182414322, -1.1332034490703995, -1.1369632108030814, -1.132760767416189], "energies_vmsa": [-1.1169251633890673, -1.1170038351430591, -0.17469757364365143, -0.1614897879141529, -1.1358416465470489, -1.1536603453384493, -1.133148816747424, -1.1380776355789082, -1.1344215177344301, -1.138955523706266], "energies_vpsr": [-1.1170380157829585, -1.1138549289629056, -0.15067067540719187, -0.16148536403543215, -1.1342812003969678, -1.13771877570553, -1.1380521272535749, -1.1408011692554663, -1.1381179318611725, -1.162353497223034], "std_uniform": [0.0021691401056310733, 0.00026560899252625614, 0.019159018642991743, 0.01017121699298898, 0.005393287455623064, 0.0033731733672744957, 0.006576702798609224, 0.005747432778991368, 0.0007569552097953512, 0.0011671938219668387], "std_vmsa": [0.0019227776194499224, 0.006563993384484879, 0.002970784839414292, 0.006334734241600221, 0.0028590098721380515, 0.0017141405162447443, 0.00412577540404091, 5.285321953463207e-05, 0.005894664470037725, 0.003118510134578645], "std_vpsr": [0.00016259359258463668, 0.0026961825647786597, 0.012419896779411355, 0.025788983947254346, 0.000627955727009466, 0.002151812065815939, 0.004933032724659281, 0.001367837649314585, 0.005391442600997887, 0.0002710434034669529], "shots_uniform": [[1024, 1024, 1024, 1024, 1024], [1024, 1024, 1024, 1024, 1024], [1024, 1024, 1024, 1024, 1024], [1024, 1024, 1024, 1024, 1024], [1024, 1024, 1024, 1024, 1024], [1024, 1024, 1024, 1024, 1024], [1024, 1024, 1024, 1024, 1024], [1024, 1024, 1024, 1024, 1024], [1024, 1024, 1024, 1024, 1024], [1024, 1024, 1024, 1024, 1024]], "shots_vmsa": [[1155, 1156, 1155, 1154, 1], [1160, 1151, 1158, 1151, 1], [85, 97, 118, 97, 4223], [98, 70, 118, 118, 4216], [621, 620, 613, 611, 2154], [1138, 1160, 1167, 1155, 1], [627, 617, 606, 602, 2168], [596, 600, 628, 623, 2174], [517, 507, 524, 507, 2566], [417, 412, 423, 431, 2938]], "shots_vpsr": [[928, 928, 913, 928, 1], [925, 923, 923, 925, 1], [19, 24, 39, 30, 1022], [24, 12, 30, 21, 1003], [391, 405, 422, 398, 1488], [417, 432, 431, 425, 1493], [282, 269, 282, 285, 1428], [428, 417, 426, 426, 1492], [419, 425, 421, 430, 1492], [943, 916, 909, 928, 1]]}]}