{"pool_name": "QE", "initial_energy": -1.1166512474115222, "fci_energy": -1.1372633383635353, "data_list": [{"energies_statevector": [-1.1166512474115222], "energies_uniform": [-1.11740380622368], "energies_vmsa": [-1.1173965674334547], "energies_vpsr": [-1.1165909640318303], "std_uniform": [0.0008410951429997926], "std_vmsa": [0.0015336726312077387], "std_vpsr": [0.002893264350081415], "shots_uniform": [[1024, 1024, 1024, 1024, 1024]], "shots_vmsa": [[1156, 1154, 1158, 1152, 1]], "shots_vpsr": [[929, 927, 931, 909, 1]]}, {"energies_statevector": [-1.1166512474115213, -1.116651243785073, -0.16669246730467863, -0.16669248313035723, -1.1367682481117052, -1.136768247546139, -1.1372632894962993, -1.1372632895019195, -1.1372633383635302, -1.1372633383635282], "energies_uniform": [-1.120546845968574, -1.1190417283442584, -0.18478245867445656, -0.16285819585670297, -1.134577126267983, -1.1319048148217008, -1.1368983247190032, -1.14089564879981, -1.136653333645134, -1.1362062555932861], "energies_vmsa": [-1.1164695026622327, -1.1185283575922875, -0.17618588968696147, -0.15377389967410968, -1.130684494541539, -1.1304869862802354, -1.1324886077988743, -1.1348965362028607, -1.1370694260494045, -1.1374565589764996], "energies_vpsr": [-1.111742828525823, -1.1182073947909041, -0.15638229764667078, -0.1823328608633673, -1.1391367513024702, -1.133363413580306, -1.1385593198545068, -1.157999236561537, -1.139739601525747, -1.138532684142602], "std_uniform": [0.0027446262561047208, 0.0001770726616842078, 0.014015118658875475, 0.005751829176628975, 0.003175482786933137, 0.006122196021016824, 0.009209142477108023, 0.005719386134589888, 0.00455219231262316, 0.001537560666354576], "std_vmsa": [0.0029303505098944305, 0.0006036296147524656, 0.0012549627641637584, 0.010064971907078751, 0.0011414290236737568, 0.0025573914444922963, 0.005122042443011732, 0.00010941112223028515, 0.0009959844987962319, 0.0033753621048789872], "std_vpsr": [0.0014200594211962734, 0.0005829637324494819, 0.011510642374383095, 0.010641114848146283, 0.0031309593453231477, 0.0063674289423565344, 2.684294560872935e-05, 0.001176147233418634, 0.008108864498446833, 0.0004996914676709263], "shots_uniform": [[1024, 1024, 1024, 1024, 1024], [1024, 1024, 1024, 1024, 1024], [1024, 1024, 1024, 1024, 1024], [1024, 1024, 1024, 1024, 1024], [1024, 1024, 1024, 1024, 1024], [1024, 1024, 1024, 1024, 1024], [1024, 1024, 1024, 1024, 1024], [1024, 1024, 1024, 1024, 1024], [1024, 1024, 1024, 1024, 1024], [1024, 1024, 1024, 1024, 1024]], "shots_vmsa": [[1150, 1164, 1141, 1165, 1], [1162, 1165, 1120, 1173, 1], [112, 125, 136, 136, 4112], [106, 92, 92, 106, 4223], [448, 451, 470, 465, 2785], [518, 516, 514, 521, 2551], [517, 517, 498, 512, 2576], [614, 583, 602, 625, 2196], [452, 465, 467, 443, 2792], [611, 603, 611, 611, 2185]], "shots_vpsr": [[925, 925, 925, 922, 1], [929, 911, 928, 928, 1], [22, 30, 33, 25, 1021], [14, 27, 30, 30, 1012], [414, 431, 417, 430, 1492], [412, 424, 402, 426, 1491], [226, 219, 231, 213, 1377], [888, 953, 921, 932, 1], [421, 414, 421, 402, 1491], [430, 414, 425, 423, 1492]]}]}