{"pool_name": "QE", "initial_energy": -1.1166512474115222, "fci_energy": -1.1372633383635353, "data_list": [{"energies_statevector": [-1.1166512474115222], "energies_uniform": [-1.1149247889601015], "energies_vmsa": [-1.1162293552746692], "energies_vpsr": [-1.1150250631836744], "std_uniform": [0.0003098771579472803], "std_vmsa": [0.0003539735378077502], "std_vpsr": [0.0020738669167640333], "shots_uniform": [[1024, 1024, 1024, 1024, 1024]], "shots_vmsa": [[1158, 1154, 1150, 1158, 1]], "shots_vpsr": [[922, 928, 917, 928, 1]]}, {"energies_statevector": [-1.1166512474115213, -1.116651243785073, -0.16669246730467863, -0.16669248313035723, -1.1367682481117052, -1.136768247546139, -1.1372632894962993, -1.1372632895019195, -1.1372633383635302, -1.1372633383635282], "energies_uniform": [-1.113375403170365, -1.118554778524627, -0.18307965046979977, -0.16902026364550324, -1.137917856593218, -1.1425305385922822, -1.1318030892979456, -1.1344473540998263, -1.1418090587526324, -1.1412129546835015], "energies_vmsa": [-1.118886520108481, -1.1148885807923588, -0.16077328692671447, -0.1607089325818673, -1.1336353170502296, -1.1331039883396818, -1.1582596679288937, -1.1584039992608175, -1.14190643872958, -1.158082789544769], "energies_vpsr": [-1.1171016275548373, -1.1155736461644978, -0.15445291403943764, -0.16346210902104025, -0.36355980526228215, -1.1371454141395345, -1.1366028386366065, -1.1362792773243737, -1.1418727263317154, -1.1422045590262044], "std_uniform": [0.00070829064673672, 0.0027003580906836966, 0.01441353214766486, 0.031934628670077986, 0.0005193928616705756, 0.0014047561700915034, 0.0029216989177888175, 0.0033289052018534715, 0.0017220620537830023, 0.0008366987453621855], "std_vmsa": [0.00110046356729665, 0.00019712044913089422, 0.005919465189513945, 0.0055581600884163085, 0.002669653139075079, 0.0016711873667666355, 0.002198622912823134, 0.0026754955522154678, 0.0005782662435744879, 0.0009637191715969884], "std_vpsr": [0.004406754821132175, 0.0038756269703864588, 0.01806731068945691, 0.019369402162032145, 0.7901181579223808, 0.00014453008214299068, 0.005452543118152464, 0.004193969067070702, 0.006700660520058688, 7.267300798019516e-05], "shots_uniform": [[1024, 1024, 1024, 1024, 1024], [1024, 1024, 1024, 1024, 1024], [1024, 1024, 1024, 1024, 1024], [1024, 1024, 1024, 1024, 1024], [1024, 1024, 1024, 1024, 1024], [1024, 1024, 1024, 1024, 1024], [1024, 1024, 1024, 1024, 1024], [1024, 1024, 1024, 1024, 1024], [1024, 1024, 1024, 1024, 1024], [1024, 1024, 1024, 1024, 1024]], "shots_vmsa": [[1146, 1157, 1159, 1157, 1], [1153, 1157, 1153, 1157, 1], [109, 159, 132, 109, 4112], [77, 55, 107, 107, 4274], [610, 621, 620, 618, 2152], [626, 605, 609, 614, 2166], [1170, 1184, 1158, 1109, 1], [1206, 1091, 1151, 1173, 1], [601, 574, 613, 623, 2208], [1166, 1143, 1169, 1143, 1]], "shots_vpsr": [[923, 925, 928, 921, 1], [926, 923, 923, 925, 1], [18, 27, 32, 21, 1012], [13, 33, 25, 22, 1007], [938, 926, 920, 911, 1], [425, 421, 428, 406, 1491], [430, 430, 427, 399, 1492], [426, 417, 427, 399, 1491], [196, 196, 190, 198, 1346], [426, 421, 409, 414, 1491]]}]}