{"pool_name": "QE", "initial_energy": -1.1166512474115222, "fci_energy": -1.1372633383635353, "data_list": [{"energies_statevector": [-1.1166512474115222], "energies_uniform": [-1.1198828234872584], "energies_vmsa": [-1.1159624123165972], "energies_vpsr": [-1.1111053604662984], "std_uniform": [0.0010181678046840004], "std_vmsa": [0.0009703946737831259], "std_vpsr": [0.002010841682049347], "shots_uniform": [[1024, 1024, 1024, 1024, 1024]], "shots_vmsa": [[1158, 1144, 1159, 1159, 1]], "shots_vpsr": [[921, 925, 926, 924, 1]]}, {"energies_statevector": [-1.1166512474115216, -1.1166512437850735, -0.16669246730467857, -0.16669248313035728, -1.1367682479151044, -1.136768247349537, -1.137263289474782, -1.1372632894804031, -1.1372633383635318, -1.137263338363531], "energies_uniform": [-1.119661482660153, -1.1188203875171534, -0.16142539304221004, -0.16939063048989111, -1.1326529772362206, -1.1378898099488166, -1.1338438213049513, -1.1440224670236847, -1.1404884425157453, -1.1317750426535442], "energies_vmsa": [-1.1175023190171074, -1.1155908228004379, -0.1592838672900284, -0.16652444112507558, -1.1532833430371032, -1.1438917955129901, -1.1348352864034528, -1.13790481444723, -1.1362736347190108, -1.1325924419211646], "energies_vpsr": [-1.1207733474455446, -1.1157689663111499, -0.1545378702409779, -0.14841403728735447, -1.1352199246838262, -1.1368601613866274, -1.1386714886392504, -1.1571693651739936, -1.135278356000795, -1.1422363404011082], "std_uniform": [0.0008853633084208168, 0.0007525588121576332, 0.03515877602006984, 0.01051353719297543, 0.0020569535280251516, 0.0014888961032959447, 0.0010668323677427427, 0.00022573722474283906, 0.004226093633656225, 0.0005917076714931913], "std_vmsa": [0.000869434633574584, 0.005102281650202656, 0.008914795140529286, 0.011651933952656457, 0.0009720301746836135, 0.0029007161435494755, 0.0033980766785620675, 0.0020874647432032045, 0.006603353808040446, 0.007416609283719788], "std_vpsr": [0.0016803393624464924, 0.002056619978895169, 0.006999326702204295, 0.006801737548836895, 0.00013083298486182837, 0.0008306956001331578, 0.003400198497724327, 0.0014985849577191512, 0.0005536729257461515, 0.002028696377322725], "shots_uniform": [[1024, 1024, 1024, 1024, 1024], [1024, 1024, 1024, 1024, 1024], [1024, 1024, 1024, 1024, 1024], [1024, 1024, 1024, 1024, 1024], [1024, 1024, 1024, 1024, 1024], [1024, 1024, 1024, 1024, 1024], [1024, 1024, 1024, 1024, 1024], [1024, 1024, 1024, 1024, 1024], [1024, 1024, 1024, 1024, 1024], [1024, 1024, 1024, 1024, 1024]], "shots_vmsa": [[1161, 1160, 1161, 1138, 1], [1154, 1155, 1155, 1155, 1], [104, 136, 127, 53, 4200], [149, 94, 120, 120, 4137], [1183, 1084, 1166, 1187, 1], [625, 582, 623, 614, 2175], [597, 624, 609, 612, 2178], [603, 618, 620, 610, 2170], [461, 452, 468, 466, 2774], [512, 526, 481, 522, 2579]], "shots_vpsr": [[928, 919, 921, 928, 1], [917, 928, 924, 927, 1], [17, 20, 17, 26, 996], [33, 40, 31, 33, 1041], [221, 231, 230, 229, 1382], [430, 421, 425, 421, 1492], [423, 419, 417, 425, 1492], [945, 925, 938, 886, 1], [412, 430, 432, 426, 1492], [277, 293, 277, 292, 1432]]}]}